F,p,eta_sq,significant
0.21417685427442992,0.807331876606379,0.0014598238484285235,False
